Ref,Val,Package,PosX,PosY,Rot,Side
"B1","USBLC6-2SC6","SOT-23-6",159.375000,-94.848000,0.000000,top
"J1","USB4145-03-0070-C","USB4145030070C",169.375000,-94.950000,0.000000,top
"J3","5023520500","CONN05_502352_MOL",128.366600,-94.400999,180.000000,top
"R1","5k1","R_0402_1005Metric",175.925000,-93.525000,-90.000000,top
"R2","5k1","R_0402_1005Metric",175.925000,-96.425000,90.000000,top
"S2","TL1014BF220QG","TL1014BF220QG",147.300000,-94.950000,0.000000,top
